,Cart position,Cart velocity,Sway angle,Angular velocity,Sling length,Sling length changing speed
0,0.004258845455757305,0.07179626288685209,-0.03888268183635955,-0.5769439433027812,0.1,0.0
